clase_inundacion,proporcion
0,0.8727430555555555
1,0.12725694444444444
